"dmu_id","energy_slack","water_slack","labor_slack"
"Op_014",10386.9610205072,0,290.911133874719
"Op_001",8657.13318151774,0,0
"Op_032",8117.20374971452,9915.13344976089,0
"Op_059",7135.68598927231,554.030545157165,0
"Op_079",6200.00949096867,0,100.724227682641
"Op_012",5523.94583008642,8724.24212641038,0
"Op_105",4872.70103837973,0,114.834690107275
"Op_019",4371.9745790721,6843.95274225107,0
"Op_087",3983.04858658275,7431.43551196314,0
"Op_025",3863.95594938222,17308.3276057126,130.480933795
"Op_078",3457.90354344694,6114.3994588078,0
"Op_081",3390.63900893931,13014.4849978586,0
"Op_102",3368.95415775987,4426.94857358969,0
"Op_112",3165.04505434099,22823.0644738461,0
"Op_021",3146.11865186085,24785.8645535123,0
"Op_006",3057.4678013536,30996.0344657638,0
"Op_067",2922.83193968234,19645.3867776014,0
"Op_051",2864.6054259501,0,0
"Op_070",2822.2334518268,27773.9555478355,568.548211732708
"Op_119",2588.34704771876,5393.3825846808,0
"Op_008",2225.29736527485,21780.0435941666,0
"Op_007",2155.97715649291,0,0
"Op_104",1954.09803922449,14501.5490196709,313.60784313759
"Op_098",1918.11824092852,13007.1432454245,0
"Op_036",1913.65056037634,400.955708375571,0
"Op_061",1566.31043368762,13802.5456338329,0
"Op_095",1514.68653367022,0,0
"Op_017",1440.39295364686,0,0
"Op_100",1148.95021545987,0,0
"Op_009",836.065545876781,0,175.445333604677
"Op_096",740.902419734328,0,0
"Op_107",569.939245017811,24165.3771813847,101.384706318363
"Op_030",354.490714892464,0,0
"Op_093",0,0,0
"Op_022",0,0,0
"Op_057",0,13106.545979758,249.690377573498
"Op_103",0,0,0
"Op_053",0,0,0
"Op_018",0,0,0
"Op_042",0,0,0
"Op_092",0,3420.72604789036,0
"Op_004",0,0,0
"Op_013",0,30524.6367437884,0
"Op_028",0,34411.1415265679,361.062078893132
"Op_050",0,0,0
"Op_083",0,0,0
"Op_085",0,0,0
"Op_005",0,0,0
"Op_016",0,7161.52419664961,0
"Op_038",0,0,0
"Op_041",0,692.273182161973,0
"Op_062",0,31943.7195847146,0
"Op_071",0,0,173.091998772833
"Op_074",0,0,0
"Op_075",0,0,0
"Op_080",0,0,0
"Op_029",0,0,0
"Op_060",0,0,0
"Op_063",0,12389.2435355909,0
"Op_065",0,0,0
"Op_086",0,0,0
"Op_094",0,37708.8120370329,0
"Op_109",0,12774.5653533077,0
"Op_114",0,0,0
"Op_049",0,620.640813064257,0
"Op_039",0,18182.2745115015,0
"Op_002",0,3241.64231517988,387.731568580698
"Op_108",0,0,0
"Op_015",0,0,0
"Op_024",0,0,0
"Op_026",0,32139.5157056091,0
"Op_101",0,0,0
"Op_048",0,16513.1130534899,0
"Op_106",0,0,0
"Op_040",0,19625.1095805783,52.5224694936244
"Op_118",0,0,0
"Op_033",0,0,0
"Op_099",0,8699.72168188236,0
"Op_068",0,0,0
"Op_003",0,0,0
"Op_097",0,0,71.3100754589724
"Op_117",0,0,0
"Op_035",0,0,0
"Op_031",0,0,0
"Op_113",0,0,84.2199608993342
"Op_037",0,43257.8893921365,0
"Op_111",0,21760.7376219017,11.66438850183
"Op_034",0,49487.573590057,0
"Op_066",0,15685.2541338114,39.3027172320397
"Op_023",0,0,0
"Op_020",0,22552.2216658624,0
"Op_076",0,39958.2203366131,0
"Op_055",0,34109.1489808818,0
"Op_072",0,0,0
"Op_077",0,0,0
"Op_027",0,0,0
"Op_056",0,0,0
"Op_115",0,40341.4658491504,0
"Op_089",0,0,0
"Op_046",0,21694.6943426756,0
"Op_058",0,15763.1091364073,0
"Op_088",0,0,0
"Op_043",0,33630.8441549468,0
"Op_120",0,7415.33464733699,0
"Op_069",0,0,0
"Op_110",0,0,0
"Op_082",0,0,0
"Op_073",0,11039.7671035276,0
"Op_052",0,2210.81966008715,266.338765490033
"Op_011",0,17012.4062762726,0
"Op_045",0,0,0
"Op_091",0,0,0
"Op_054",0,0,0
"Op_010",0,0,0
"Op_064",0,0,0
"Op_090",0,0,0
"Op_116",0,0,175.107765229671
"Op_084",0,28038.6415076785,0
"Op_044",0,0,0
"Op_047",0,0,0
