"dmu_id","energy_kwh","water_l","labor_hours","area_m2","capital_usd","yield_kg","revenue_usd","spoilage_rate","efficiency_baseline","efficiency_ddf","efficient_baseline","efficient_ddf","rank_baseline","rank_ddf"
"Op_093",17601,82155,968,2086,194122,15250,81816,0.018,1,1.00000000000001,TRUE,TRUE,101.5,1
"Op_022",7875,62246,1491,1462,304886,13344,69685,0.226,1,1,TRUE,TRUE,101.5,2
"Op_057",17717,51020,1150,906,246124,10233,58537,0.165,1,1,TRUE,TRUE,101.5,3.5
"Op_103",10987,69564,1070,2150,145762,8129,46698,0.025,1,1,TRUE,TRUE,101.5,3.5
"Op_053",21303,45099,956,1168,229124,9561,46539,0.15,1,1,TRUE,TRUE,101.5,5
"Op_018",4374,104030,1214,1445,178641,7671,37458,0.019,1,1,TRUE,TRUE,101.5,8.5
"Op_019",5238,70605,895,2067,257276,9615,54929,0.177,1,1,TRUE,TRUE,101.5,8.5
"Op_042",13556,58564,701,1565,229985,8339,50318,0.082,1,1,TRUE,TRUE,101.5,8.5
"Op_079",11457,116305,829,1409,304643,6960,35937,0.073,1.28960154295456,1,FALSE,TRUE,46,8.5
"Op_092",13095,120739,1072,1875,240560,10904,60498,0.012,1.37594001616284,1,FALSE,TRUE,35,8.5
"Op_112",15432,98959,950,1271,259117,14524,88265,0.031,1,1,TRUE,TRUE,101.5,8.5
"Op_001",20484,50127,981,1576,236464,12607,68511,0.106,1,1,TRUE,TRUE,101.5,15
"Op_004",17531,60067,1575,1832,161821,16250,77908,0.142,1,1,TRUE,TRUE,101.5,15
"Op_013",9445,80001,840,2620,245676,14345,69525,0.01,1,1,TRUE,TRUE,101.5,15
"Op_028",7947,71337,1143,2299,191983,10118,56103,0.106,1.08351298833947,1,FALSE,TRUE,69,15
"Op_050",17623,97911,1282,1045,135940,13226,77278,0.054,1,1,TRUE,TRUE,101.5,15
"Op_083",15354,103427,1215,2715,308036,16384,66051,0.01,1.05081471359,1,FALSE,TRUE,78,15
"Op_085",10223,52463,1743,2475,155878,13300,71803,0.048,1,1,TRUE,TRUE,101.5,15
"Op_005",16617,79964,786,1923,295712,10390,52260,0.01,1.37738504956201,1,FALSE,TRUE,34,25.5
"Op_008",14621,39506,1192,1307,156464,10869,46218,0.021,1,1,TRUE,TRUE,101.5,25.5
"Op_016",17544,58058,890,1655,290568,14312,68787,0.159,1,1,TRUE,TRUE,101.5,25.5
"Op_038",11596,63994,827,2121,228586,12688,73816,0.095,1,1,TRUE,TRUE,101.5,25.5
"Op_041",15824,76489,1447,2667,345845,16974,75703,0.013,1.06066898706847,1,FALSE,TRUE,74,25.5
"Op_051",16288,75404,994,1649,141735,15361,75038,0.029,1,1,TRUE,TRUE,101.5,25.5
"Op_059",3028,89664,1229,1684,331732,4026,23228,0.061,1,1,TRUE,TRUE,101.5,25.5
"Op_062",15741,68318,1428,1273,229130,15557,75464,0.036,1,1,TRUE,TRUE,101.5,25.5
"Op_071",10828,84099,1179,3010,156324,13884,71221,0.078,1,1,TRUE,TRUE,101.5,25.5
"Op_074",11186,54120,1011,1227,302667,6860,36455,0.206,1,1,TRUE,TRUE,101.5,25.5
"Op_075",12829,60817,1376,1980,295010,13153,74568,0.033,1.12069507526372,1,FALSE,TRUE,66,25.5
"Op_080",10601,82576,1514,2721,155228,11437,52424,0.01,1.18987944786148,1,FALSE,TRUE,59,25.5
"Op_098",9163,109536,808,2357,250156,6746,37652,0.043,1.71954873064282,1,FALSE,TRUE,13,25.5
"Op_100",17613,54328,1042,1602,307779,17044,63376,0.038,1,1,TRUE,TRUE,101.5,25.5
"Op_006",14576,71435,1815,1878,235383,19446,82906,0.047,1,1,TRUE,TRUE,101.5,38
"Op_029",16840,93937,390,2699,176751,12463,57754,0.042,1,1,TRUE,TRUE,101.5,38
"Op_036",8132,55235,1593,2548,372479,10591,46769,0.209,1,1,TRUE,TRUE,101.5,38
"Op_060",16140,79873,712,2760,184209,13439,89185,0.015,1,1,TRUE,TRUE,101.5,38
"Op_063",17327,87376,1212,2049,281928,11222,56760,0.01,1.49427600402603,1,FALSE,TRUE,27,38
"Op_065",12091,74415,1156,2444,280829,15863,100051,0.096,1,1,TRUE,TRUE,101.5,38
"Op_086",17448,56983,952,1707,129531,10234,56967,0.111,1,1,TRUE,TRUE,101.5,38
"Op_094",20564,78318,1246,1798,131019,12165,56391,0.088,1.0817673233959,1,FALSE,TRUE,70,38
"Op_109",15753,66830,1226,931,238386,12105,68608,0.2,1,1,TRUE,TRUE,101.5,38
"Op_114",12983,70678,938,769,242427,8970,38648,0.159,1,1,TRUE,TRUE,101.5,38
"Op_119",9552,84885,1113,2157,119785,10320,59646,0.22,1,1,TRUE,TRUE,101.5,38
"Op_049",13274,81698,566,2738,272214,9625,48565,0.071,1,1,TRUE,TRUE,101.5,44
"Op_039",5343,69330,1614,1872,341997,8247,45992,0.035,1,0.999999999999999,TRUE,TRUE,101.5,45.5
"Op_104",22394,58637,866,1458,174178,11099,55518,0.096,1,0.999999999999999,TRUE,TRUE,101.5,45.5
"Op_002",12741,50591,1499,1456,134503,14324,65872,0.056,1,0.999999999999999,TRUE,TRUE,101.5,47
"Op_081",21051,39981,1055,2679,285263,15802,93034,0.047,1,0.999999999999997,TRUE,TRUE,101.5,48
"Op_108",14511,75313,695,2375,169214,5562,26986,0.086,1,0.999999999999997,TRUE,TRUE,101.5,49
"Op_015",14467,108797,1589,2723,213106,16357,85919,0.05,1.00220111961381,0.999629436639552,FALSE,TRUE,82,50
"Op_024",19859,79411,645,2694,258161,11387,58315,0.03,1.20998205615636,0.999012201196404,FALSE,TRUE,57,51
"Op_026",13278,102268,1519,1891,238113,14533,71873,0.026,1.17152613963072,0.996777735958533,FALSE,FALSE,60,52
"Op_101",19804,87713,1194,2407,253214,11251,45975,0.018,1.52462854479678,0.994029850746269,FALSE,FALSE,25,53
"Op_070",17884,48108,1190,1918,332565,15737,63976,0.106,1.00755873798975,0.992497967905246,FALSE,FALSE,81,54
"Op_048",20776,89093,954,2328,213767,14605,74661,0.026,1.05458957789384,0.991332343759111,FALSE,FALSE,76,55
"Op_030",12440,58873,1218,2344,300172,10382,60609,0.032,1.33881019433469,0.990110970316972,FALSE,FALSE,42,56
"Op_106",15422,76520,1283,1982,162421,12072,64385,0.039,1.23419654299442,0.985165312228396,FALSE,FALSE,54,57
"Op_040",15144,105754,1561,2466,247705,13022,58205,0.031,1.4097388867705,0.984352216973485,FALSE,FALSE,33,58
"Op_118",25808,79545,1449,1858,342245,14779,84617,0.053,1.0726421426266,0.982154024600236,FALSE,FALSE,73,59
"Op_033",19140,103343,1247,2249,182261,12912,65875,0.039,1.2415395601902,0.981819954766069,FALSE,FALSE,52,60
"Op_099",15320,75659,969,3483,245160,11162,49945,0.036,1.41393249461365,0.981459556329154,FALSE,FALSE,32,61
"Op_068",19154,91084,1498,2219,212525,15446,78251,0.044,1.09185030822737,0.981423014716061,FALSE,FALSE,68,62
"Op_067",16343,94015,1345,1721,295786,13932,70336,0.047,1.21777291834893,0.981162002672318,FALSE,FALSE,56,63
"Op_012",24147,70142,1215,2044,243092,16078,85767,0.08,1.01984026728464,0.980587948546166,FALSE,FALSE,80,64
"Op_003",16453,82494,1578,1758,163646,15123,65515,0.053,1.07923576823411,0.98008944774816,FALSE,FALSE,71,65
"Op_007",21046,67727,1505,2946,266181,12683,57601,0.04,1.43177822941508,0.980049777439205,FALSE,FALSE,30,66
"Op_061",13531,83029,1199,2398,236294,10421,57994,0.037,1.55519890859604,0.979891682176443,FALSE,FALSE,24,67
"Op_025",22581,71723,1184,1902,206791,8820,44031,0.043,1.85451530730019,0.978302568125934,FALSE,FALSE,8,68
"Op_096",11557,80748,1178,1841,312717,8068,31102,0.046,1.85403110022852,0.976084323915168,FALSE,FALSE,9,69
"Op_097",10473,77358,784,2809,362640,8743,46353,0.064,1.46659318047824,0.974005334069481,FALSE,FALSE,28,70
"Op_117",12949,106974,1113,1754,223981,13782,75815,0.066,1.0539965754916,0.972904705055424,FALSE,FALSE,77,71
"Op_035",17020,70643,1081,1860,384514,11792,59674,0.052,1.37262747269321,0.972531449511224,FALSE,FALSE,36,72
"Op_017",13863,77654,978,1862,303916,9305,51439,0.05,1.59997161003608,0.972324136404802,FALSE,FALSE,22,73
"Op_031",16822,79186,1372,2160,316898,12124,61673,0.049,1.42934285581006,0.972268920214722,FALSE,FALSE,31,74
"Op_113",13058,55968,1420,2347,285911,12330,53010,0.055,1.23824955079279,0.972050581010027,FALSE,FALSE,53,75
"Op_037",11862,79845,1341,2221,146812,10632,47930,0.062,1.33446928989493,0.971688119641494,FALSE,FALSE,43,76
"Op_087",14131,65884,1544,2160,282458,10938,48480,0.054,1.61438823501166,0.969936953434716,FALSE,FALSE,19,77
"Op_111",14900,74565,1417,1995,249230,12000,69399,0.058,1.30893789954514,0.969547860219216,FALSE,FALSE,45,78
"Op_034",12564,74527,1329,1725,244724,13701,67213,0.067,1.14565059849187,0.969093984245726,FALSE,FALSE,65,79
"Op_066",20210,53275,1183,2027,332942,13646,44005,0.065,1.25431883732191,0.968964235784257,FALSE,FALSE,50,80
"Op_023",14312,71106,1315,2243,249853,9304,48078,0.056,1.82362667604336,0.967412592262931,FALSE,FALSE,11,81
"Op_020",20280,78951,1085,2893,249327,15469,72614,0.067,1.05784200005362,0.965242223517602,FALSE,FALSE,75,82
"Op_076",17324,101715,1075,2445,268063,9354,41396,0.06,1.77045485084438,0.962686567164179,FALSE,FALSE,12,83
"Op_055",15359,97296,1163,1611,233548,15480,67801,0.086,1.04281490562184,0.960303410705582,FALSE,FALSE,79,84
"Op_072",14639,73098,972,1735,269486,11981,61254,0.075,1.25456015018177,0.957534440064588,FALSE,FALSE,49,85
"Op_077",18073,88075,965,964,339569,4964,24449,0.162,2.26289158264593,0.955741762230779,FALSE,FALSE,4,86
"Op_027",13971,70380,1444,1848,188247,10389,60454,0.079,1.35455145372853,0.954028266653562,FALSE,FALSE,39,87
"Op_056",16106,76984,1057,1639,259743,7866,40135,0.078,2.01199758798161,0.952859971105998,FALSE,FALSE,5,88
"Op_095",10557,89912,1497,2052,236824,5243,26780,0.078,2.83646099397519,0.951056060770537,FALSE,FALSE,1,89
"Op_078",16855,91730,1249,1875,158470,12169,62245,0.091,1.26582100683094,0.947386425808028,FALSE,FALSE,48,90
"Op_105",12333,88567,1382,1497,274379,8387,35706,0.091,1.82773177154483,0.945005913423394,FALSE,FALSE,10,91
"Op_115",8356,74613,1064,2072,235088,7544,33581,0.11,1.67048185243466,0.944213824778214,FALSE,FALSE,16,92
"Op_089",18733,67085,949,1861,215739,13547,56937,0.1,1.15625807122388,0.943618597058843,FALSE,FALSE,62,93
"Op_032",17819,48969,1214,1849,225223,11232,51843,0.096,1.36568704011537,0.942340176459937,FALSE,FALSE,37,94
"Op_046",16731,108648,1304,1501,305227,8568,56327,0.101,1.60803842548257,0.939011442966149,FALSE,FALSE,21,95
"Op_058",15359,92860,1459,2107,207686,12901,63240,0.1,1.32552734273621,0.936554685669169,FALSE,FALSE,44,96
"Op_088",14269,58919,1209,1850,245597,12469,60487,0.107,1.25110328139514,0.93614176180214,FALSE,FALSE,51,97
"Op_043",18033,83264,1029,2028,286299,8121,49907,0.096,1.86918258402381,0.935820895522388,FALSE,FALSE,7,98
"Op_120",15549,61153,727,2198,311620,7240,40873,0.148,1.49474985529757,0.935651988448377,FALSE,FALSE,26,99
"Op_069",18683,63274,826,2076,254893,8486,43517,0.12,1.66913807224079,0.934172609173823,FALSE,FALSE,17,100
"Op_021",13773,78278,1462,3211,311748,15338,78710,0.126,1.14794867260502,0.932786393715545,FALSE,FALSE,64,101
"Op_102",19179,72970,1401,3049,223906,16436,71203,0.144,1.07640094990615,0.929021848305863,FALSE,FALSE,72,102
"Op_110",15477,105005,1606,1650,249860,12231,58648,0.121,1.44127960750268,0.924655119099616,FALSE,FALSE,29,103
"Op_082",16032,86676,1257,2167,255379,10822,50138,0.114,1.57936657316183,0.92279101984662,FALSE,FALSE,23,104
"Op_073",17494,85052,890,1765,240593,12648,72791,0.13,1.14891112131646,0.920019021645273,FALSE,FALSE,63,105
"Op_052",11865,96732,1334,1844,182691,9503,55836,0.129,1.34609528391986,0.916727279134389,FALSE,FALSE,40,106
"Op_011",20219,91352,871,2814,239300,9585,41987,0.125,1.61153350037979,0.914275228511166,FALSE,FALSE,20,107
"Op_045",9527,91800,1213,1711,443744,7972,33631,0.134,1.70473568592822,0.910868759915154,FALSE,FALSE,14,108
"Op_091",20568,55976,1424,1348,209715,9842,51263,0.144,1.36187455479126,0.908462717976947,FALSE,FALSE,38,109
"Op_107",13311,90313,1547,2655,312907,9183,33886,0.133,1.96858083906886,0.908208955223881,FALSE,FALSE,6,110
"Op_009",23074,55505,1411,1793,217865,12781,71702,0.196,1.10250231738305,0.907027571945286,FALSE,FALSE,67,111
"Op_054",17572,113789,1864,1625,324334,14267,75659,0.17,1.15706040488953,0.894828649261367,FALSE,FALSE,61,112
"Op_010",14749,83590,909,2175,283747,6280,34127,0.154,2.38399688668432,0.892537313432836,FALSE,FALSE,3,113
"Op_064",20599,85893,1421,1703,346434,14299,67772,0.175,1.22285922232666,0.889787371070702,FALSE,FALSE,55,114
"Op_090",18287,76292,1179,2273,231336,13413,73863,0.175,1.20532408016649,0.883994149054861,FALSE,FALSE,58,115
"Op_116",13471,72181,1556,1804,259620,9459,50296,0.181,1.69922860606985,0.876177189169363,FALSE,FALSE,15,116
"Op_084",14516,121191,1200,1566,254729,9680,50738,0.187,1.64279845499056,0.8731734817412,FALSE,FALSE,18,117
"Op_014",13885,102458,1257,1178,322655,10069,43619,0.253,1.34108465911478,0.839014135241747,FALSE,FALSE,41,118
"Op_044",12093,72745,1391,2025,263454,13121,59487,0.287,1.26819614831147,0.808187684610045,FALSE,FALSE,47,119
"Op_047",11754,60146,1938,1999,177608,5209,26763,0.35,2.79384591892829,0.750677527600092,FALSE,FALSE,2,120
